9195573	1130446	Them	I knew what I wanted to say, but I couldn't say it.
4678282	1123674	Them	That is not what I said at all.
13528379	1285684	rul	I worked for two years selling books.
9695900	1247236	rul	I used gloves, and yet I still burned myself.
8945367	1249251	rul	You will definitely like it here.
10523663	1115344	Them	It's better not to say anything about either him or her.
9474028	1099957	Them	I don't know how to tell her.
10539135	1099979	Them	I really had a good time at her party.
11169922	1099010	Them	I got into astronomy because of my partner.
9593201	1123703	Them	I wish you would stop making fun of me.
12203391	1247684	rul	I wouldn't say it's wrong, but it's not really good.
10696172	1114151	Them	It's a phrasebook, and it will help you communicate.
4115821	1115315	Them	How much time have we got left?
9189236	1123729	Them	Even though I'm not good at it, I make sure to do it the best I can.
10696176	1112831	Them	Can you check whether they can be trusted?
10752856	1099980	Them	It could be hard to start your own business.
239714	1247109	rul	You cannot take back what you have said.
13017214	1285625	rul	If you don't ask for anything, you don't get anything.
1420762	1123756	Them	I haven't heard from her since then.
261258	1134383	Them	I can hardly understand what she says.
8908795	1249249	rul	Do you want to do me a favor?
5353161	1158071	Them	I can't leave until he comes.
12999192	1247301	rul	There's a bus every fifteen minutes.
12018718	1152979	Them	You can tell it's good just by the aroma.
11821643	1134387	Them	Could you explain to me the meaning of this sentence?
9156440	1121419	Them	If you don't like that, I'll stop.
9039976	1121376	Them	If the Earth were flat, cats would have knocked everything off it by now.
9399856	1130498	Them	There's no single right way to learn. Whatever works best for you is what's right for you.
